date,action,symbol,price,shares,commission,slippage,abs_score,ref_score,final_score,gross_pnl,net_pnl,qqq_change,etf_change,holding_days,stop_reason
2019-03-15 00:00:00-04:00,BUY_LONG,TQQQ,6.599986553192139,14393,94.99360646009445,94.99360646009445,74.0,57.0,67.2,,,,,,
2019-04-17 00:00:00-04:00,SELL_LONG_PROFIT,TQQQ,7.609626293182373,14393,109.5253512377739,109.5253512377739,74.0,51.0,64.8,14531.744777679443,14312.694075203895,0.051250432098621776,0.15297602985295686,2.0,多單止盈: 15.3%
2019-04-18 00:00:00-04:00,BUY_LONG,TQQQ,7.633495807647705,14226,108.59411135959625,108.59411135959625,74.0,51.0,64.8,,,,,,
2019-05-09 00:00:00-04:00,SELL_LONG_TRAILING,TQQQ,7.276644706726074,14226,103.51754759788514,103.51754759788514,62.0,57.0,60.0,-5076.563761711121,-5283.59885690689,-0.013981539242290557,-0.04674805749734159,7.0,多單回落: -3.3%
2019-05-17 00:00:00-04:00,BUY_SHORT,SQQQ,18906.302734375,5,94.531513671875,94.531513671875,26.0,57.0,38.4,,,,,,
2019-06-04 00:00:00-04:00,SELL_SHORT_TRAILING,SQQQ,21474.552734375,5,107.372763671875,107.372763671875,26.0,57.0,38.4,-12841.25,-13055.99552734375,-0.04441644339729737,-0.13584094341885616,2.0,空單反彈: +2.8% (敏捷)
2019-06-05 00:00:00-04:00,BUY_SHORT,SQQQ,20985.599609375,4,83.9423984375,83.9423984375,26.0,57.0,38.4,,,,,,
2019-06-07 00:00:00-04:00,SELL_SHORT_STOP,SQQQ,19331.05078125,4,77.324203125,77.324203125,34.0,57.0,43.2,6618.1953125,6463.54690625,0.02741021161483855,0.07884210405814925,2.0,"空單止損: +2.7% (敏捷,VIX=16.3)"
2019-06-17 00:00:00-04:00,BUY_LONG,TQQQ,7.003338813781738,13895,97.31139281749725,97.31139281749725,74.0,57.0,67.2,,,,,,
2019-07-10 00:00:00-04:00,SELL_LONG_PROFIT,TQQQ,8.060761451721191,13895,112.00428037166596,112.00428037166596,78.0,57.0,69.6,14692.887554168701,14468.87899342537,0.05031992576404066,0.1509883594177353,2.0,多單止盈: 15.1%
2019-07-11 00:00:00-04:00,BUY_LONG,TQQQ,8.039278030395508,13814,111.05458671188354,111.05458671188354,78.0,57.0,69.6,,,,,,
2019-07-31 00:00:00-04:00,SELL_LONG_REEVAL,TQQQ,7.829227447509766,13814,108.1529479598999,108.1529479598999,62.0,57.0,60.0,-2901.6387519836426,-3117.9446479034423,-0.006859731472474107,-0.0261280406140411,7.0,多單重估賣出
2019-08-06 00:00:00-04:00,BUY_SHORT,SQQQ,18309.318359375,5,91.546591796875,91.546591796875,26.0,57.0,38.4,,,,,,
2019-08-08 00:00:00-04:00,SELL_SHORT_STOP,SQQQ,16861.884765625,5,84.309423828125,84.309423828125,54.0,57.0,55.2,7237.16796875,7068.54912109375,0.027283537513269875,0.07905447736173446,2.0,"空單止損: +2.7% (敏捷,VIX=16.9)"
2019-08-09 00:00:00-04:00,BUY_SHORT,SQQQ,17339.390625,6,104.03634375,104.03634375,26.0,57.0,38.4,,,,,,
2019-08-13 00:00:00-04:00,SELL_SHORT_TRAILING,SQQQ,16752.455078125,6,100.51473046875,100.51473046875,54.0,57.0,55.2,3521.61328125,3320.5838203125,0.010188196884389713,0.03384983703110962,2.0,空單反彈: +2.2% (敏捷)
2019-08-14 00:00:00-04:00,BUY_SHORT,SQQQ,18269.529296875,6,109.61717578125,109.61717578125,26.0,57.0,38.4,,,,,,
2019-08-19 00:00:00-04:00,SELL_SHORT_STOP,SQQQ,16677.84765625,6,100.0670859375,100.0670859375,26.0,57.0,38.4,9550.08984375,9349.955671875,0.031024139726770567,0.0871222030278173,3.0,"空單止損: +3.1% (敏捷,VIX=16.9)"
2019-08-20 00:00:00-04:00,BUY_SHORT,SQQQ,17011.1015625,7,119.0777109375,119.0777109375,26.0,57.0,38.4,,,,,,
2019-08-29 00:00:00-04:00,SELL_SHORT_TRAILING,SQQQ,16643.02734375,7,116.50119140625,116.50119140625,38.0,57.0,45.6,2576.51953125,2343.5171484375,0.005080936203887819,0.021637294762932847,1.0,空單反彈: +3.2% (敏捷)
2019-09-05 00:00:00-04:00,BUY_LONG,TQQQ,7.707490921020508,16746,129.06964296340942,129.06964296340942,74.0,57.0,67.2,,,,,,
2019-09-27 00:00:00-04:00,SELL_LONG_TRAILING,TQQQ,7.164458274841309,16746,119.97601827049256,119.97601827049256,34.0,57.0,43.2,-9093.62469291687,-9333.576729457855,-0.022801410681320543,-0.07045517818233112,2.0,多單回落: -3.0%
2019-09-30 00:00:00-04:00,BUY_LONG,TQQQ,7.355414867401123,16343,120.20954517793656,120.20954517793656,66.0,57.0,62.400000000000006,,,,,,
2019-10-09 00:00:00-04:00,SELL_LONG_REEVAL,TQQQ,7.141782760620117,16343,116.71815565681457,116.71815565681457,26.0,57.0,38.4,-3491.3895211219788,-3724.825832435608,-0.008368180442220863,-0.029044195416877708,7.0,多單重估賣出
2019-10-14 00:00:00-04:00,BUY_LONG,TQQQ,7.5797882080078125,15392,116.66810009765625,116.66810009765625,70.0,57.0,64.8,,,,,,
2019-11-08 00:00:00-05:00,SELL_LONG_PROFIT,TQQQ,8.791172981262207,15392,135.31373452758788,135.31373452758788,78.0,51.0,67.2,18645.63442993164,18375.006960876464,0.05306403182181167,0.15981776007601425,5.0,多單止盈: 16.0%
2019-11-11 00:00:00-05:00,BUY_LONG,TQQQ,8.754173278808594,15321,134.12268880462648,134.12268880462648,74.0,51.0,64.8,,,,,,
2019-12-20 00:00:00-05:00,SELL_LONG_PROFIT,TQQQ,10.1600923538208,15321,155.6627749528885,155.6627749528885,74.0,51.0,64.8,21540.086148262024,21228.760598356246,0.05349331436216895,0.16059986822691116,7.0,多單止盈: 16.1%
2019-12-23 00:00:00-05:00,BUY_LONG,TQQQ,10.235282897949219,15074,154.28665440368653,154.28665440368653,74.0,51.0,64.8,,,,,,
2020-01-17 00:00:00-05:00,SELL_LONG_PROFIT,TQQQ,11.927173614501953,15074,179.79021506500246,179.79021506500246,78.0,51.0,67.2,25503.560661315918,25143.980231185913,0.05462453133272949,0.1652998489071297,3.0,多單止盈: 16.5%
2020-01-21 00:00:00-05:00,BUY_LONG,TQQQ,11.921202659606934,14946,178.17429495048523,178.17429495048523,78.0,51.0,67.2,,,,,,
2020-02-19 00:00:00-05:00,SELL_LONG_PROFIT,TQQQ,14.095315933227539,14946,210.6685919380188,210.6685919380188,78.0,51.0,67.2,32494.29698753357,32072.959803657533,0.061357802885664066,0.18237365270093397,6.0,多單止盈: 18.2%
2020-02-20 00:00:00-05:00,BUY_LONG,TQQQ,13.69416332244873,15236,208.64427238082885,208.64427238082885,74.0,51.0,64.8,,,,,,
2020-02-24 00:00:00-05:00,SELL_LONG_STOP,TQQQ,11.423343658447266,15236,174.04606398010253,174.04606398010253,66.0,57.0,62.400000000000006,-34598.20840072632,-34946.30052868652,-0.05703206711325844,-0.16582390691068571,2.0,多單止損: -5.7% (VIX=25.0)
2020-03-11 00:00:00-04:00,BUY_SHORT,SQQQ,12705.19921875,13,165.16758984375,165.16758984375,26.0,57.0,38.4,,,,,,
2020-03-18 00:00:00-04:00,SELL_SHORT_TRAILING,SQQQ,13539.478515625,13,176.013220703125,176.013220703125,26.0,57.0,38.4,-10845.630859375,-11197.65730078125,-0.09537944889938274,-0.0656644010464466,2.0,空單反彈: +4.3% (敏捷)
2020-03-19 00:00:00-04:00,BUY_SHORT,SQQQ,13368.603515625,12,160.4232421875,160.4232421875,26.0,57.0,38.4,,,,,,
2020-03-24 00:00:00-04:00,SELL_SHORT_STOP,SQQQ,11478.904296875,12,137.7468515625,137.7468515625,26.0,57.0,38.4,22676.390625,22400.896921875,0.03597546428240726,0.14135352406415158,3.0,"空單止損: +3.6% (敏捷,VIX=61.7)"
2020-03-25 00:00:00-04:00,BUY_SHORT,SQQQ,11672.951171875,15,175.094267578125,175.094267578125,26.0,57.0,38.4,,,,,,
2020-03-26 00:00:00-04:00,SELL_SHORT_STOP,SQQQ,9813.140625,15,147.197109375,147.197109375,34.0,57.0,43.2,27897.158203125,27602.763984375,0.05266019760108446,0.1593265078805485,1.0,"空單止損: +5.3% (敏捷,VIX=61.0)"
2020-03-27 00:00:00-04:00,BUY_SHORT,SQQQ,10760.6865234375,19,204.45304394531252,204.45304394531252,26.0,57.0,38.4,,,,,,
2020-03-30 00:00:00-04:00,SELL_SHORT_STOP,SQQQ,9596.4150390625,19,182.3318857421875,182.3318857421875,34.0,57.0,43.2,22121.158203125,21756.494431640625,0.036373437160806106,0.10819676624155329,1.0,"空單止損: +3.6% (敏捷,VIX=57.1)"
2020-04-01 00:00:00-04:00,BUY_SHORT,SQQQ,11063.09375,21,232.32496875,232.32496875,26.0,57.0,38.4,,,,,,
2020-04-02 00:00:00-04:00,SELL_SHORT_STOP,SQQQ,10407.8779296875,21,218.5654365234375,218.5654365234375,34.0,57.0,43.2,13759.5322265625,13322.401353515625,0.020295037780369393,0.05922536996601877,1.0,"空單止損: +2.0% (敏捷,VIX=50.9)"
2020-04-03 00:00:00-04:00,BUY_SHORT,SQQQ,10816.12890625,22,237.9548359375,237.9548359375,26.0,57.0,38.4,,,,,,
2020-04-06 00:00:00-04:00,SELL_SHORT_STOP,SQQQ,8543.02734375,22,187.9466015625,187.9466015625,34.0,57.0,43.2,50008.234375,49632.341171875,0.07149489170187398,0.21015851255124274,1.0,"空單止損: +7.1% (敏捷,VIX=45.2)"
2020-04-14 00:00:00-04:00,BUY_LONG,TQQQ,7.630287170410156,38372,292.78937930297855,292.78937930297855,78.0,51.0,67.2,,,,,,
2020-04-21 00:00:00-04:00,SELL_LONG_STOP,TQQQ,6.856632709503174,38372,263.1027103290558,263.1027103290558,78.0,57.0,69.6,-29686.66897392273,-30212.874394580842,-0.032898975869758984,-0.10139257456877546,5.0,多單止損: -3.3% (VIX=45.4)
2020-04-22 00:00:00-04:00,BUY_LONG,TQQQ,7.463138103485107,35386,264.09060492992404,264.09060492992404,78.0,51.0,67.2,,,,,,
2020-05-07 00:00:00-04:00,SELL_LONG_PROFIT,TQQQ,8.583028793334961,35386,303.7190568809509,303.7190568809509,78.0,57.0,69.6,39628.45195102692,39021.01383726502,0.05142919879358051,0.1500562731549737,4.0,多單止盈: 15.0%
2020-05-08 00:00:00-04:00,BUY_LONG,TQQQ,8.929261207580566,33727,301.15719274806975,301.15719274806975,78.0,57.0,69.6,,,,,,
2020-05-13 00:00:00-04:00,SELL_LONG_STOP,TQQQ,8.28096866607666,33727,279.2922302007675,279.2922302007675,74.0,57.0,67.2,-21864.962547302246,-22423.547007703783,-0.024548416748184625,-0.07260315567356605,3.0,多單止損: -2.5% (VIX=35.3)
2020-05-14 00:00:00-04:00,BUY_LONG,TQQQ,8.55556869506836,32710,279.85265201568603,279.85265201568603,74.0,57.0,67.2,,,,,,
2020-05-29 00:00:00-04:00,SELL_LONG_PROFIT,TQQQ,9.882002830505371,32710,323.2403125858307,323.2403125858307,78.0,57.0,69.6,43387.66057014465,42741.179944972995,0.051976732914476034,0.15503751798540302,3.0,多單止盈: 15.5%
2020-06-01 00:00:00-04:00,BUY_LONG,TQQQ,10.003782272338867,32034,320.4611613121033,320.4611613121033,78.0,57.0,69.6,,,,,,
2020-06-10 00:00:00-04:00,SELL_LONG_PROFIT,TQQQ,11.62033748626709,32034,372.24589103508,372.24589103508,78.0,51.0,67.2,51784.729722976685,51040.237940906525,0.05195265612345449,0.16159440198914632,7.0,多單止盈: 16.2%
2020-06-11 00:00:00-04:00,BUY_LONG,TQQQ,9.909461975097656,37232,368.9490882568359,368.9490882568359,78.0,57.0,69.6,,,,,,
2020-06-22 00:00:00-04:00,SELL_LONG_PROFIT,TQQQ,11.611980438232422,37232,432.33725567626954,432.33725567626954,78.0,57.0,69.6,63388.167419433594,62523.492908081054,0.056187889064694616,0.1718073561827243,7.0,多單止盈: 17.2%
2020-06-23 00:00:00-04:00,BUY_LONG,TQQQ,11.915236473083496,35949,428.34083597087863,428.34083597087863,78.0,57.0,69.6,,,,,,
2020-06-24 00:00:00-04:00,SELL_LONG_STOP,TQQQ,11.213212966918945,35949,403.1037929477692,403.1037929477692,78.0,57.0,69.6,-25237.043023109436,-26043.250609004976,-0.02061576851905551,-0.05891813458762828,1.0,多單止損: -2.1% (VIX=33.8)
2020-06-25 00:00:00-04:00,BUY_LONG,TQQQ,11.51050090789795,35064,403.6042038345337,403.6042038345337,78.0,57.0,69.6,,,,,,
2020-06-26 00:00:00-04:00,SELL_LONG_STOP,TQQQ,10.683117866516113,35064,374.592844871521,374.592844871521,66.0,57.0,62.400000000000006,-29011.358963012695,-29760.544652755736,-0.02361499400924288,-0.07188071553116561,1.0,多單止損: -2.4% (VIX=34.7)
2020-06-29 00:00:00-04:00,BUY_LONG,TQQQ,11.024575233459473,34045,375.33166382312777,375.33166382312777,74.0,57.0,67.2,,,,,,
2020-07-06 00:00:00-04:00,SELL_LONG_PROFIT,TQQQ,13.238086700439453,34045,450.6906617164612,450.6906617164612,78.0,51.0,67.2,75358.99789333344,74457.6165699005,0.06403392918322182,0.20077975070295642,4.0,多單止盈: 20.1%
2020-07-07 00:00:00-04:00,BUY_LONG,TQQQ,12.977814674377441,34371,446.06046817302706,446.06046817302706,78.0,57.0,69.6,,,,,,
2020-07-23 00:00:00-04:00,SELL_LONG_TRAILING,TQQQ,13.076908111572266,34371,449.46640870285034,449.46640870285034,74.0,57.0,67.2,3405.940529823303,2507.0077124176023,0.0054558021024798346,0.007635602732906018,5.0,多單回落: -3.3%
2020-07-24 00:00:00-04:00,BUY_LONG,TQQQ,12.690083503723145,35338,448.4421708545685,448.4421708545685,70.0,57.0,64.8,,,,,,
2020-08-03 00:00:00-04:00,SELL_LONG_PROFIT,TQQQ,14.78420352935791,35338,522.4441843204498,522.4441843204498,74.0,57.0,67.2,74002.01346588135,72957.12509724045,0.054077564500434265,0.16502019273713775,6.0,多單止盈: 16.5%
2020-08-04 00:00:00-04:00,BUY_LONG,TQQQ,14.976423263549805,34571,517.7499286441803,517.7499286441803,74.0,57.0,67.2,,,,,,
2020-08-11 00:00:00-04:00,SELL_LONG_TRAILING,TQQQ,14.108449935913086,34571,487.7432227344513,487.7432227344513,74.0,57.0,67.2,-30006.705909729004,-30982.192355197905,-0.019195706489731956,-0.05795598270444357,5.0,多單回落: -3.4%
2020-08-12 00:00:00-04:00,BUY_LONG,TQQQ,15.16386890411377,32203,488.32207031917574,488.32207031917574,74.0,57.0,67.2,,,,,,
2020-08-25 00:00:00-04:00,SELL_LONG_PROFIT,TQQQ,17.586315155029297,32203,566.3321069374084,566.3321069374084,78.0,57.0,69.6,78010.03661823273,76877.37240435791,0.05149712271411109,0.15975119979165395,2.0,多單止盈: 16.0%
2020-08-26 00:00:00-04:00,BUY_LONG,TQQQ,18.712167739868164,29999,561.3463200283051,561.3463200283051,78.0,51.0,67.2,,,,,,
2020-09-04 00:00:00-04:00,SELL_LONG_STOP,TQQQ,16.910554885864258,29999,507.2997360210419,507.2997360210419,74.0,57.0,67.2,-54046.58400726318,-55061.18347930527,-0.028702515729725847,-0.09628028559007559,7.0,多單止損: -2.9% (VIX=30.8)
2020-09-08 00:00:00-04:00,BUY_LONG,TQQQ,14.520347595214844,35057,509.0398256454468,509.0398256454468,66.0,57.0,62.400000000000006,,,,,,
2020-09-17 00:00:00-04:00,SELL_LONG_TRAILING,TQQQ,14.46543025970459,35057,507.1145886144638,507.1145886144638,42.0,57.0,48.0,-1925.2370309829712,-2939.466208211899,0.0013706769777098477,-0.0037820951013839243,7.0,多單回落: -3.1%
2020-10-05 00:00:00-04:00,BUY_LONG,TQQQ,15.957818984985352,31724,506.2458494796753,506.2458494796753,74.0,57.0,67.2,,,,,,
2020-10-12 00:00:00-04:00,SELL_LONG_PROFIT,TQQQ,18.41727638244629,31724,584.2696759567261,584.2696759567261,78.0,57.0,69.6,78023.82647705078,76855.28712513733,0.05129231752434221,0.15412240230165733,5.0,多單止盈: 15.4%
2020-10-13 00:00:00-04:00,BUY_LONG,TQQQ,18.419666290283203,31448,579.2616654968261,579.2616654968261,78.0,51.0,67.2,,,,,,
2020-10-19 00:00:00-04:00,SELL_LONG_STOP,TQQQ,16.46284294128418,31448,517.7234848175049,517.7234848175049,74.0,57.0,67.2,-61538.18067932129,-62573.6276489563,-0.03639801090725768,-0.10623554836231168,4.0,多單止損: -3.6% (VIX=29.2)
2020-10-20 00:00:00-04:00,BUY_LONG,TQQQ,16.5690975189209,31373,519.8222964611053,519.8222964611053,78.0,57.0,69.6,,,,,,
2020-10-28 00:00:00-04:00,SELL_LONG_STOP,TQQQ,14.341261863708496,31373,449.92840845012665,449.92840845012665,50.0,57.0,52.8,-69893.8880109787,-70793.74482787895,-0.044899974146590714,-0.13445727220015152,6.0,多單止損: -4.5% (VIX=40.3)
2020-11-04 00:00:00-05:00,BUY_LONG,TQQQ,16.72430992126465,27060,452.5598264694214,452.5598264694214,66.0,57.0,62.400000000000006,,,,,,
2020-11-10 00:00:00-05:00,SELL_LONG_TRAILING,TQQQ,16.056915283203125,27060,434.50012756347655,434.50012756347655,70.0,57.0,64.8,-18059.698905944824,-18928.699161071778,-0.012163964662856418,-0.03990566075392705,4.0,多單回落: -3.8%
2020-11-11 00:00:00-05:00,BUY_LONG,TQQQ,17.136205673217773,25361,434.59131207847594,434.59131207847594,70.0,57.0,64.8,,,,,,
2020-12-03 00:00:00-05:00,SELL_LONG_PROFIT,TQQQ,19.766395568847656,25361,501.29555802154545,501.29555802154545,74.0,51.0,64.8,66704.24594306946,65701.65482702637,0.05011049094033076,0.15348729735081404,1.0,多單止盈: 15.3%
2020-12-04 00:00:00-05:00,BUY_LONG,TQQQ,20.008760452270508,24839,496.99760087394714,496.99760087394714,74.0,51.0,64.8,,,,,,
2021-01-06 00:00:00-05:00,SELL_LONG_REEVAL,TQQQ,20.396780014038086,24839,506.63561876869204,506.63561876869204,62.0,57.0,60.0,9638.017894744873,8624.746657207488,0.008436379825622682,0.0193924837419675,7.0,多單重估賣出
2021-01-07 00:00:00-05:00,BUY_LONG,TQQQ,21.87006378173828,23100,505.19847335815433,505.19847335815433,74.0,57.0,67.2,,,,,,
2021-01-29 00:00:00-05:00,SELL_LONG_TRAILING,TQQQ,21.602632522583008,23100,499.02081127166747,499.02081127166747,66.0,57.0,62.400000000000006,-6177.662086486816,-7175.703709030151,-0.0013336418940094077,-0.012228188350259005,1.0,多單回落: -4.3%
2021-02-01 00:00:00-05:00,BUY_LONG,TQQQ,23.190532684326172,21490,498.3645473861694,498.3645473861694,74.0,57.0,67.2,,,,,,
2021-02-22 00:00:00-05:00,SELL_LONG_TRAILING,TQQQ,23.090240478515625,21490,496.2092678833008,496.2092678833008,62.0,57.0,60.0,-2155.2795028686523,-3147.698038635254,6.172043766821749e-05,-0.004324704704964865,7.0,多單回落: -4.2%
2021-02-24 00:00:00-05:00,BUY_LONG,TQQQ,23.43647575378418,21137,495.3767880077362,495.3767880077362,66.0,57.0,62.400000000000006,,,,,,
2021-02-25 00:00:00-05:00,SELL_LONG_STOP,TQQQ,20.98895835876465,21137,443.6436128292084,443.6436128292084,50.0,63.0,55.2,-51733.17517852783,-52620.46240418625,-0.03486263735996858,-0.10443197265375286,1.0,多單止損: -3.5% (VIX=28.9)
2021-04-01 00:00:00-04:00,BUY_LONG,TQQQ,22.899219512939453,19450,445.3898195266724,445.3898195266724,78.0,57.0,69.6,,,,,,
2021-04-13 00:00:00-04:00,SELL_LONG_PROFIT,TQQQ,26.387828826904297,19450,513.2432706832885,513.2432706832885,78.0,51.0,67.2,67853.45115661621,66826.96461524963,0.04938843253864444,0.15234621040221774,7.0,多單止盈: 15.2%
2021-04-14 00:00:00-04:00,BUY_LONG,TQQQ,25.461353302001953,19986,508.87060709381103,508.87060709381103,74.0,51.0,64.8,,,,,,
2021-05-04 00:00:00-04:00,SELL_LONG_TRAILING,TQQQ,23.954635620117188,19986,478.7573475036621,478.7573475036621,62.0,57.0,60.0,-30113.259590148926,-31070.77428515625,-0.01892923246689141,-0.05917665349572353,7.0,多單回落: -3.5%
2021-05-27 00:00:00-04:00,BUY_LONG,TQQQ,24.260276794433594,19759,479.3588091812134,479.3588091812134,70.0,57.0,64.8,,,,,,
2021-06-24 00:00:00-04:00,SELL_LONG_PROFIT,TQQQ,28.147653579711914,19759,556.1694870815277,556.1694870815277,78.0,51.0,67.2,76810.67790031433,75698.33892615128,0.05231883551387919,0.16023629154017982,5.0,多單止盈: 16.0%
2021-06-25 00:00:00-04:00,BUY_LONG,TQQQ,28.05929946899414,19647,551.2810566673279,551.2810566673279,74.0,51.0,64.8,,,,,,
2021-07-23 00:00:00-04:00,SELL_LONG_PROFIT,TQQQ,32.60810852050781,19647,640.651508102417,640.651508102417,78.0,57.0,69.6,89370.45143508911,88089.14841888427,0.05362545557961664,0.1621141346219338,5.0,多單止盈: 16.2%
2021-07-26 00:00:00-04:00,BUY_LONG,TQQQ,32.74421310424805,19391,634.9430363044739,634.9430363044739,74.0,57.0,67.2,,,,,,
2021-09-20 00:00:00-04:00,SELL_LONG_TRAILING,TQQQ,31.875041961669922,19391,618.0889386787414,618.0889386787414,50.0,63.0,55.2,-16854.097625732422,-18090.275503089906,-0.006471191201259886,-0.026544267220926548,4.0,多單回落: -4.2%
2021-09-23 00:00:00-04:00,BUY_LONG,TQQQ,33.76142501831055,18298,617.7665549850464,617.7665549850464,66.0,57.0,62.400000000000006,,,,,,
2021-09-28 00:00:00-04:00,SELL_LONG_STOP,TQQQ,30.284753799438477,18298,554.1504250221252,554.1504250221252,42.0,63.0,50.400000000000006,-63616.12996292114,-64724.430812965395,-0.03514917938279343,-0.10297762067171316,3.0,多單止損: -3.5% (VIX=23.2)
2021-10-18 00:00:00-04:00,BUY_LONG,TQQQ,33.37698745727539,16667,556.2942499504089,556.2942499504089,66.0,57.0,62.400000000000006,,,,,,
2021-11-03 00:00:00-04:00,SELL_LONG_PROFIT,TQQQ,39.1173095703125,16667,651.9681986083984,651.9681986083984,78.0,51.0,67.2,95673.9486579895,94370.01226077271,0.055092211169408635,0.17198442850437226,5.0,多單止盈: 17.2%
2021-11-04 00:00:00-04:00,BUY_LONG,TQQQ,40.576263427734375,15919,645.9335375061036,645.9335375061036,78.0,51.0,67.2,,,,,,
2021-11-26 00:00:00-05:00,SELL_LONG_TRAILING,TQQQ,38.405738830566406,15919,611.3809564437867,611.3809564437867,66.0,57.0,62.400000000000006,-34552.581062316895,-35775.34297520447,-0.0176285961802791,-0.053492471060910665,1.0,多單回落: -3.2%
2021-11-29 00:00:00-05:00,BUY_LONG,TQQQ,40.791175842285156,15002,611.9492199859619,611.9492199859619,74.0,57.0,67.2,,,,,,
2021-12-01 00:00:00-05:00,SELL_LONG_STOP,TQQQ,37.03512954711914,15002,555.6010134658814,555.6010134658814,62.0,57.0,60.0,-56348.20652008057,-57459.40854701233,-0.031449486906664444,-0.09207987310021114,2.0,多單止損: -3.1% (VIX=31.1)
2021-12-07 00:00:00-05:00,BUY_LONG,TQQQ,39.9817008972168,13940,557.3449105072021,557.3449105072021,74.0,57.0,67.2,,,,,,
2021-12-16 00:00:00-05:00,SELL_LONG_TRAILING,TQQQ,36.567108154296875,13940,509.74548767089846,509.74548767089846,62.0,57.0,60.0,-47599.42283630371,-48618.91381164551,-0.027624794803891118,-0.08540388893654142,7.0,多單回落: -3.2%
2021-12-23 00:00:00-05:00,BUY_LONG,TQQQ,39.51368713378906,12936,511.1490567626953,511.1490567626953,74.0,57.0,67.2,,,,,,
2022-01-05 00:00:00-05:00,SELL_LONG_STOP,TQQQ,35.66212844848633,12936,461.32529360961917,461.32529360961917,50.0,57.0,52.8,-49823.76315307617,-50746.41374029541,-0.03182017562557968,-0.0974740391161618,1.0,多單止損: -3.2% (VIX=19.7)
2022-01-28 00:00:00-05:00,BUY_SHORT,SQQQ,833.033447265625,555,462.3335632324219,462.3335632324219,26.0,57.0,38.4,,,,,,
2022-01-31 00:00:00-05:00,SELL_SHORT_STOP,SQQQ,753.600830078125,555,418.2484606933594,418.2484606933594,26.0,57.0,38.4,44085.1025390625,43248.605617675785,0.03197854171985126,0.09535345483213442,1.0,"空單止損: +3.2% (敏捷,VIX=24.8)"
2022-02-03 00:00:00-05:00,BUY_SHORT,SQQQ,805.6151733398438,625,503.50948333740234,503.50948333740234,26.0,57.0,38.4,,,,,,
2022-02-09 00:00:00-05:00,SELL_SHORT_STOP,SQQQ,718.9246826171875,625,449.3279266357422,449.3279266357422,50.0,57.0,52.8,54181.556701660156,53282.90084838867,0.037279258162244124,0.10760781771681752,1.0,"空單止損: +3.7% (敏捷,VIX=20.0)"
2022-02-10 00:00:00-05:00,BUY_SHORT,SQQQ,766.7052001953125,723,554.327859741211,554.327859741211,26.0,57.0,38.4,,,,,,
2022-02-15 00:00:00-05:00,SELL_SHORT_TRAILING,SQQQ,775.1726684570312,723,560.4498392944336,560.4498392944336,34.0,57.0,43.2,-6121.979553222656,-7242.879231811523,-0.0064169187459565315,-0.011043968737347452,3.0,空單反彈: +2.6% (敏捷)
2022-02-17 00:00:00-05:00,BUY_SHORT,SQQQ,844.5250244140625,648,547.2522158203125,547.2522158203125,26.0,57.0,38.4,,,,,,
2022-02-23 00:00:00-05:00,SELL_SHORT_REEVAL,SQQQ,967.9073486328125,648,627.2039619140625,627.2039619140625,26.0,63.0,40.800000000000004,-79951.74609375,-81206.15401757813,-0.04640338186359356,-0.14609670602046818,3.0,空單3天重估賣出(敏捷)
2022-02-24 00:00:00-05:00,BUY_SHORT,SQQQ,873.3544921875,538,469.86471679687503,469.86471679687503,26.0,57.0,38.4,,,,,,
2022-02-28 00:00:00-05:00,SELL_SHORT_STOP,SQQQ,821.1387329101562,538,441.7726383056641,441.7726383056641,26.0,57.0,38.4,28092.078491210938,27208.53321459961,0.018532452960215343,0.0597875888249666,2.0,"空單止損: +1.9% (敏捷,VIX=30.1)"
2022-03-01 00:00:00-05:00,BUY_SHORT,SQQQ,859.8468627929688,577,496.131639831543,496.131639831543,26.0,57.0,38.4,,,,,,
2022-03-02 00:00:00-05:00,SELL_SHORT_STOP,SQQQ,818.1146240234375,577,472.05213806152346,472.05213806152346,26.0,57.0,38.4,24079.50177001953,23135.397493896486,0.016779644048524774,0.0485345014040941,1.0,"空單止損: +1.7% (敏捷,VIX=30.7)"
2022-03-03 00:00:00-05:00,BUY_SHORT,SQQQ,852.1859741210938,608,518.129072265625,518.129072265625,26.0,57.0,38.4,,,,,,
2022-03-08 00:00:00-05:00,SELL_SHORT_REEVAL,SQQQ,1001.373779296875,608,608.8352578125,608.8352578125,26.0,63.0,40.800000000000004,-90706.185546875,-91923.8560625,-0.05525021875205716,-0.1750648446539464,3.0,空單3天重估賣出(敏捷)
2022-03-09 00:00:00-05:00,BUY_SHORT,SQQQ,894.3213500976562,482,431.0628907470703,431.0628907470703,26.0,57.0,38.4,,,,,,
2022-03-15 00:00:00-04:00,SELL_SHORT_TRAILING,SQQQ,940.2874145507812,482,453.2185338134766,453.2185338134766,26.0,57.0,38.4,-22155.64306640625,-23062.080134033204,-0.0204185485335984,-0.051397704469546314,1.0,空單反彈: +3.1% (敏捷)
2022-03-29 00:00:00-04:00,BUY_LONG,TQQQ,29.881208419799805,13695,409.2231493091583,409.2231493091583,78.0,51.0,67.2,,,,,,
2022-04-06 00:00:00-04:00,SELL_LONG_STOP,TQQQ,25.645212173461914,13695,351.21118071556094,351.21118071556094,62.0,57.0,60.0,-58011.96859359741,-58714.39095502853,-0.04830397676634763,-0.14176120948077342,6.0,多單止損: -4.8% (VIX=22.1)
2022-04-14 00:00:00-04:00,BUY_SHORT,SQQQ,817.3081665039062,432,353.0771279296875,353.0771279296875,26.0,57.0,38.4,,,,,,
2022-04-19 00:00:00-04:00,SELL_SHORT_STOP,SQQQ,761.4635620117188,432,328.9522587890625,328.9522587890625,26.0,57.0,38.4,24124.869140625,23466.964623046875,0.02313629932589565,0.06832747644143428,2.0,"空單止損: +2.3% (敏捷,VIX=21.4)"
2022-04-20 00:00:00-04:00,BUY_SHORT,SQQQ,795.131591796875,472,375.302111328125,375.302111328125,26.0,57.0,38.4,,,,,,
2022-04-25 00:00:00-04:00,SELL_SHORT_REEVAL,SQQQ,874.564208984375,472,412.794306640625,412.794306640625,26.0,63.0,40.800000000000004,-37492.1953125,-38317.78392578125,-0.034084696797031334,-0.09989870608460483,3.0,空單3天重估賣出(敏捷)
2022-04-28 00:00:00-04:00,BUY_SHORT,SQQQ,873.959228515625,388,339.0961806640625,339.0961806640625,26.0,57.0,38.4,,,,,,
2022-05-04 00:00:00-04:00,SELL_SHORT_TRAILING,SQQQ,842.5087890625,388,326.89341015625,326.89341015625,26.0,57.0,38.4,12202.7705078125,11548.9836875,0.004847439662958721,0.035986163229309864,1.0,空單反彈: +5.2% (敏捷)
2022-05-05 00:00:00-04:00,BUY_SHORT,SQQQ,966.6975708007812,362,349.94452062988285,349.94452062988285,26.0,57.0,38.4,,,,,,
2022-05-13 00:00:00-04:00,SELL_SHORT_TRAILING,SQQQ,1057.2183837890625,362,382.7130549316406,382.7130549316406,26.0,57.0,38.4,-32768.53430175781,-33533.96041162109,-0.03533551909464725,-0.09363922670592491,3.0,空單反彈: +3.7% (敏捷)
2022-05-16 00:00:00-04:00,BUY_SHORT,SQQQ,1089.6768798828125,292,318.18564892578127,318.18564892578127,26.0,57.0,38.4,,,,,,
2022-05-17 00:00:00-04:00,SELL_SHORT_STOP,SQQQ,1007.018798828125,292,294.0494892578125,294.0494892578125,26.0,57.0,38.4,24136.15966796875,23548.060689453127,0.025901214567426237,0.07585558855169693,1.0,"空單止損: +2.6% (敏捷,VIX=26.1)"
2022-05-18 00:00:00-04:00,BUY_SHORT,SQQQ,1153.3841552734375,295,340.2483258056641,340.2483258056641,26.0,57.0,38.4,,,,,,
2022-05-26 00:00:00-04:00,SELL_SHORT_STOP,SQQQ,1051.57373046875,295,310.21425048828127,310.21425048828127,26.0,57.0,38.4,30034.075317382812,29413.64681640625,0.028130365590047744,0.08827104511467031,3.0,"空單止損: +2.8% (敏捷,VIX=27.5)"
2022-06-10 00:00:00-04:00,BUY_SHORT,SQQQ,1139.4735107421875,323,368.0499439697266,368.0499439697266,26.0,57.0,38.4,,,,,,
2022-06-15 00:00:00-04:00,SELL_SHORT_TRAILING,SQQQ,1192.8990478515625,323,385.3063924560547,385.3063924560547,26.0,57.0,38.4,-17256.448486328125,-18027.061271240236,-0.020911293194887635,-0.04688615979723537,3.0,空單反彈: +2.7% (敏捷)
2022-06-16 00:00:00-04:00,BUY_SHORT,SQQQ,1332.409912109375,263,350.4238068847656,350.4238068847656,26.0,57.0,38.4,,,,,,
2022-06-17 00:00:00-04:00,SELL_SHORT_STOP,SQQQ,1289.4678955078125,263,339.1300565185547,339.1300565185547,26.0,63.0,40.800000000000004,11293.750366210938,10615.490253173828,0.012159435082965155,0.032228833042513026,1.0,"空單止損: +1.2% (敏捷,VIX=31.1)"
2022-06-21 00:00:00-04:00,BUY_SHORT,SQQQ,1193.1004638671875,303,361.50944055175785,361.50944055175785,26.0,57.0,38.4,,,,,,
2022-06-24 00:00:00-04:00,SELL_SHORT_STOP,SQQQ,1028.388916015625,303,311.60184155273436,311.60184155273436,34.0,57.0,43.2,49907.59899902344,49284.395315917965,0.04813582505673658,0.1380533767606495,3.0,"空單止損: +4.8% (敏捷,VIX=27.2)"
2022-06-27 00:00:00-04:00,BUY_SHORT,SQQQ,1048.347900390625,389,407.80733325195314,407.80733325195314,26.0,57.0,38.4,,,,,,
2022-07-05 00:00:00-04:00,SELL_SHORT_TRAILING,SQQQ,1101.9749755859375,389,428.66826550292967,428.66826550292967,34.0,57.0,43.2,-20860.932250976562,-21718.26878198242,-0.018772612997293676,-0.05115389192397916,2.0,空單反彈: +2.4% (敏捷)
2022-09-13 00:00:00-04:00,BUY_SHORT,SQQQ,946.7388305664062,409,387.21618170166016,387.21618170166016,26.0,57.0,38.4,,,,,,
2022-09-28 00:00:00-04:00,SELL_SHORT_TRAILING,SQQQ,1082.217529296875,409,442.6269694824219,442.6269694824219,26.0,57.0,38.4,-55410.78778076172,-56296.04171972656,-0.045137698633814366,-0.1431003930085088,2.0,空單反彈: +2.0% (敏捷)
2022-10-03 00:00:00-04:00,BUY_SHORT,SQQQ,1148.5458984375,291,334.22685644531254,334.22685644531254,26.0,57.0,38.4,,,,,,
2022-10-04 00:00:00-04:00,SELL_SHORT_STOP,SQQQ,1041.493408203125,291,303.07458178710937,303.07458178710937,26.0,57.0,38.4,31152.274658203125,30546.125494628905,0.031441022447955484,0.09320697621227929,1.0,"空單止損: +3.1% (敏捷,VIX=29.1)"
2022-10-05 00:00:00-04:00,BUY_SHORT,SQQQ,1040.4853515625,349,363.1293876953125,363.1293876953125,26.0,57.0,38.4,,,,,,
2022-10-13 00:00:00-04:00,SELL_SHORT_TRAILING,SQQQ,1191.6893310546875,349,415.89957653808597,415.89957653808597,26.0,57.0,38.4,-52770.18884277344,-53601.98799584961,-0.046670110139146584,-0.14532062298149995,3.0,空單反彈: +2.3% (敏捷)
2022-10-14 00:00:00-04:00,BUY_SHORT,SQQQ,1297.935302734375,240,311.50447265625,311.50447265625,26.0,57.0,38.4,,,,,,
2022-10-17 00:00:00-04:00,SELL_SHORT_STOP,SQQQ,1169.311279296875,240,280.63470703125,280.63470703125,26.0,57.0,38.4,30869.765625,30308.4962109375,0.03302150084163261,0.09909894828080129,1.0,"空單止損: +3.3% (敏捷,VIX=31.4)"
2022-10-18 00:00:00-04:00,BUY_SHORT,SQQQ,1140.884765625,299,341.124544921875,341.124544921875,26.0,57.0,38.4,,,,,,
2022-10-21 00:00:00-04:00,SELL_SHORT_TRAILING,SQQQ,1090.281982421875,299,325.99431274414064,325.99431274414064,38.0,57.0,45.6,15130.232177734375,14478.243552246095,0.014513251486798821,0.044353982740232105,3.0,空單反彈: +2.3% (敏捷)
2022-11-02 00:00:00-04:00,BUY_SHORT,SQQQ,1190.2781982421875,298,354.7029030761719,354.7029030761719,26.0,57.0,38.4,,,,,,
2022-11-07 00:00:00-05:00,SELL_SHORT_TRAILING,SQQQ,1162.456298828125,298,346.4119770507813,346.4119770507813,30.0,57.0,40.8,8290.926025390625,7598.102071289062,0.007188940395042562,0.023374282966074744,3.0,空單反彈: +2.7% (敏捷)
2022-11-09 00:00:00-05:00,BUY_SHORT,SQQQ,1217.091552734375,297,361.4761911621094,361.4761911621094,26.0,57.0,38.4,,,,,,
2022-11-10 00:00:00-05:00,SELL_SHORT_STOP,SQQQ,949.1580200195312,297,281.8999319458008,281.8999319458008,54.0,57.0,55.2,79576.2592163086,79012.45935241699,0.07378845326979573,0.22014246349248887,1.0,"空單止損: +7.4% (敏捷,VIX=23.5)"
2022-12-19 00:00:00-05:00,BUY_SHORT,SQQQ,1054.5977783203125,414,436.60348022460937,436.60348022460937,26.0,57.0,38.4,,,,,,
2022-12-22 00:00:00-05:00,SELL_SHORT_REEVAL,SQQQ,1086.8917236328125,414,449.97317358398436,449.97317358398436,26.0,63.0,40.800000000000004,-13369.693359375,-14269.639706542968,-0.01108423436918726,-0.030622049445178497,3.0,空單3天重估賣出(敏捷)
2022-12-27 00:00:00-05:00,BUY_SHORT,SQQQ,1128.5474853515625,375,423.20530700683594,423.20530700683594,26.0,57.0,38.4,,,,,,
2022-12-29 00:00:00-05:00,SELL_SHORT_TRAILING,SQQQ,1089.115966796875,375,408.4184875488281,408.4184875488281,26.0,57.0,38.4,14786.819458007812,13969.982482910156,0.01085074018636573,0.03494006150959956,2.0,空單反彈: +2.4% (敏捷)
2022-12-30 00:00:00-05:00,BUY_SHORT,SQQQ,1092.1494140625,400,436.859765625,436.859765625,26.0,57.0,38.4,,,,,,
2023-01-05 00:00:00-05:00,SELL_SHORT_REEVAL,SQQQ,1151.1951904296875,400,460.478076171875,460.478076171875,26.0,63.0,40.800000000000004,-23618.310546875,-24539.26669921875,-0.017650768907086417,-0.05406382643886903,3.0,空單3天重估賣出(敏捷)
2023-01-06 00:00:00-05:00,BUY_SHORT,SQQQ,1059.593017578125,390,413.24127685546875,413.24127685546875,26.0,57.0,38.4,,,,,,
2023-01-11 00:00:00-05:00,SELL_SHORT_STOP,SQQQ,959.699951171875,390,374.28298095703127,374.28298095703127,46.0,57.0,50.4,38958.2958984375,38209.729936523436,0.03255216756575662,0.0942749383480953,3.0,"空單止損: +3.3% (敏捷,VIX=21.1)"
2023-01-26 00:00:00-05:00,BUY_LONG,TQQQ,10.887377738952637,41339,450.0733083505631,450.0733083505631,78.0,51.0,67.2,,,,,,
2023-02-02 00:00:00-05:00,SELL_LONG_PROFIT,TQQQ,12.917960166931152,41339,534.0155553407669,534.0155553407669,78.0,51.0,67.2,83942.24699020386,82874.21587952232,0.06265798589294737,0.18650794311228308,5.0,多單止盈: 18.7%
2023-02-03 00:00:00-05:00,BUY_LONG,TQQQ,12.250701904296875,43165,528.8015476989747,528.8015476989747,78.0,57.0,69.6,,,,,,
2023-02-10 00:00:00-05:00,SELL_LONG_TRAILING,TQQQ,11.4346284866333,43165,493.5757386255264,493.5757386255264,78.0,57.0,69.6,-35225.80907344818,-36212.96055069924,-0.02116408459497377,-0.06661442128286056,5.0,多單回落: -3.3%
2023-02-13 00:00:00-05:00,BUY_LONG,TQQQ,11.97707748413086,41279,494.40178146743773,494.40178146743773,78.0,57.0,69.6,,,,,,
2023-02-21 00:00:00-05:00,SELL_LONG_STOP,TQQQ,10.728962898254395,41279,442.88085947704315,442.88085947704315,66.0,57.0,62.400000000000006,-51520.92199039459,-52406.683709348676,-0.034384402008867485,-0.10420860911438252,5.0,多單止損: -3.4% (VIX=22.9)
2023-02-22 00:00:00-05:00,BUY_LONG,TQQQ,10.738564491271973,41404,444.61952419662475,444.61952419662475,66.0,57.0,62.400000000000006,,,,,,
2023-03-03 00:00:00-05:00,SELL_LONG_REEVAL,TQQQ,11.261810302734375,41404,466.28399377441406,466.28399377441406,62.0,57.0,60.0,21664.469577789307,20731.90159024048,0.018453602918019965,0.04872586199837818,7.0,多單重估賣出
2023-03-06 00:00:00-05:00,BUY_LONG,TQQQ,11.309816360473633,41054,464.3132008628845,464.3132008628845,70.0,57.0,64.8,,,,,,
2023-03-10 00:00:00-05:00,SELL_LONG_STOP,TQQQ,10.023301124572754,41054,411.49660436820983,411.49660436820983,26.0,57.0,38.4,-52816.59649467468,-53639.589703411104,-0.03823093943044839,-0.11375208888422678,4.0,多單止損: -3.8% (VIX=24.8)
2023-03-15 00:00:00-04:00,BUY_LONG,TQQQ,11.093795776367188,37260,413.3548306274414,413.3548306274414,70.0,57.0,64.8,,,,,,
2023-03-30 00:00:00-04:00,SELL_LONG_PROFIT,TQQQ,13.0077543258667,37260,484.6689261817932,484.6689261817932,78.0,51.0,67.2,71314.0955543518,70344.75770198822,0.05766815751518772,0.17252512918768215,4.0,多單止盈: 17.3%
2023-03-31 00:00:00-04:00,BUY_LONG,TQQQ,13.645105361938477,35191,480.1849027919769,480.1849027919769,78.0,51.0,67.2,,,,,,
2023-04-25 00:00:00-04:00,SELL_LONG_STOP,TQQQ,12.167609214782715,35191,428.19033587741853,428.19033587741853,66.0,57.0,62.400000000000006,-51994.56691455841,-52850.94758631325,-0.03408833568116282,-0.10828030330033764,2.0,多單止損: -3.4% (VIX=18.8)
2023-04-27 00:00:00-04:00,BUY_LONG,TQQQ,13.369884490966797,32160,429.9754852294922,429.9754852294922,74.0,57.0,67.2,,,,,,
2023-05-18 00:00:00-04:00,SELL_LONG_PROFIT,TQQQ,15.431618690490723,32160,496.28085708618164,496.28085708618164,78.0,51.0,67.2,66305.37185668945,65312.81014251709,0.05281728990329324,0.15420733073026263,1.0,多單止盈: 15.4%
2023-05-19 00:00:00-04:00,BUY_LONG,TQQQ,15.325393676757812,32105,492.02176399230956,492.02176399230956,78.0,51.0,67.2,,,,,,
2023-06-02 00:00:00-04:00,SELL_LONG_PROFIT,TQQQ,17.778230667114258,32105,570.7700955677033,570.7700955677033,78.0,51.0,67.2,78748.33157539368,77606.79138425826,0.05390621654229939,0.16005050454764952,2.0,多單止盈: 16.0%
2023-06-05 00:00:00-04:00,BUY_LONG,TQQQ,17.816858291625977,31753,565.7387013339996,565.7387013339996,78.0,51.0,67.2,,,,,,
2023-06-26 00:00:00-04:00,SELL_LONG_TRAILING,TQQQ,18.120235443115234,31753,575.371836025238,575.371836025238,66.0,57.0,62.400000000000006,9633.134691238403,8482.391019187928,0.009215715926486408,0.017027533503583332,7.0,多單回落: -3.3%
2023-06-27 00:00:00-04:00,BUY_LONG,TQQQ,19.016313552856445,30174,573.7982451438904,573.7982451438904,74.0,57.0,67.2,,,,,,
2023-07-17 00:00:00-04:00,SELL_LONG_PROFIT,TQQQ,21.912843704223633,30174,661.1981459312439,661.1981459312439,74.0,51.0,64.8,87399.90078735352,86077.50449549103,0.051617423103179946,0.1523181737257429,6.0,多單止盈: 15.2%
2023-07-18 00:00:00-04:00,BUY_LONG,TQQQ,22.435956954956055,29220,655.578662223816,655.578662223816,78.0,51.0,67.2,,,,,,
2023-08-03 00:00:00-04:00,SELL_LONG_STOP,TQQQ,20.20786476135254,29220,590.4738083267212,590.4738083267212,66.0,57.0,62.400000000000006,-65104.85389709473,-66285.80151374817,-0.030979446660338604,-0.09930898860595892,5.0,多單止損: -3.1% (VIX=15.9)
2023-08-04 00:00:00-04:00,BUY_LONG,TQQQ,19.92692756652832,29739,592.6068989009857,592.6068989009857,66.0,57.0,62.400000000000006,,,,,,
2023-08-15 00:00:00-04:00,SELL_LONG_REEVAL,TQQQ,18.963031768798828,29739,563.9416017723083,563.9416017723083,42.0,57.0,48.0,-28665.297128677368,-29793.180332221986,-0.015105758567638647,-0.048371521124439085,7.0,多單重估賣出
2023-08-29 00:00:00-04:00,BUY_LONG,TQQQ,20.038333892822266,28161,564.2995207557678,564.2995207557678,66.0,57.0,62.400000000000006,,,,,,
2023-09-19 00:00:00-04:00,SELL_LONG_REEVAL,TQQQ,19.181005477905273,28161,540.1562952632904,540.1562952632904,54.0,57.0,55.2,-24143.225492477417,-25223.538083003998,-0.011646049927579958,-0.04278441608481668,7.0,多單重估賣出
2023-10-16 00:00:00-04:00,BUY_LONG,TQQQ,18.7965145111084,28747,540.3434026508331,540.3434026508331,70.0,57.0,64.8,,,,,,
2023-10-20 00:00:00-04:00,SELL_LONG_STOP,TQQQ,16.570295333862305,28747,476.3462799625397,476.3462799625397,42.0,57.0,48.0,-63997.12268829346,-64949.81524821854,-0.04009077244611738,-0.11843787186876795,4.0,多單止損: -4.0% (VIX=21.7)
2023-11-03 00:00:00-04:00,BUY_LONG,TQQQ,18.26669692993164,26203,478.6422596549988,478.6422596549988,66.0,57.0,62.400000000000006,,,,,,
2023-11-20 00:00:00-05:00,SELL_LONG_PROFIT,TQQQ,21.727548599243164,26203,569.3269559459686,569.3269559459686,78.0,51.0,67.2,90684.69629096985,89546.04237907792,0.06263111161423382,0.18946236873512715,4.0,多單止盈: 18.9%
2023-11-21 00:00:00-05:00,BUY_LONG,TQQQ,21.333826065063477,26423,563.7036861171722,563.7036861171722,78.0,51.0,67.2,,,,,,
2023-12-19 00:00:00-05:00,SELL_LONG_PROFIT,TQQQ,24.799541473388672,26423,655.2782843513489,655.2782843513489,78.0,51.0,67.2,91574.59823417664,90264.04166547394,0.055363971753069126,0.16245165765182137,5.0,多單止盈: 16.2%
2023-12-20 00:00:00-05:00,BUY_LONG,TQQQ,23.697656631469727,27406,649.4579776420593,649.4579776420593,74.0,57.0,67.2,,,,,,
2024-01-03 00:00:00-05:00,SELL_LONG_TRAILING,TQQQ,22.74564552307129,27406,623.3671612052917,623.3671612052917,66.0,57.0,62.400000000000006,-26090.816436767578,-27337.55075917816,-0.01126457024417637,-0.04017321725955795,1.0,多單回落: -3.2%
2024-01-04 00:00:00-05:00,BUY_LONG,TQQQ,22.364843368530273,27878,623.487103427887,623.487103427887,66.0,57.0,62.400000000000006,,,,,,
2024-01-19 00:00:00-05:00,SELL_LONG_PROFIT,TQQQ,26.62690544128418,27878,742.3048698921203,742.3048698921203,74.0,57.0,67.2,118817.7664642334,117333.15672444916,0.0628344385688596,0.19056972599911357,3.0,多單止盈: 19.1%
2024-01-22 00:00:00-05:00,BUY_LONG,TQQQ,26.734312057495117,27491,734.9529727725983,734.9529727725983,74.0,57.0,67.2,,,,,,
2024-02-21 00:00:00-05:00,SELL_LONG_REEVAL,TQQQ,27.037002563476562,27491,743.2742374725342,743.2742374725342,62.0,57.0,60.0,8321.264699935913,6834.716224990845,0.009200005362213493,0.01132217299365982,7.0,多單重估賣出
2024-02-22 00:00:00-05:00,BUY_LONG,TQQQ,29.375518798828125,25240,741.4380944824219,741.4380944824219,74.0,57.0,67.2,,,,,,
2024-04-15 00:00:00-04:00,SELL_LONG_TRAILING,TQQQ,27.325647354125977,25240,689.6993392181397,689.6993392181397,50.0,57.0,52.8,-51738.75526428223,-53118.153942718505,-0.014700785071020144,-0.06978162526218681,1.0,多單回落: -3.4%
2024-05-07 00:00:00-04:00,BUY_LONG,TQQQ,28.692663192749023,24082,690.976715007782,690.976715007782,66.0,57.0,62.400000000000006,,,,,,
2024-06-05 00:00:00-04:00,SELL_LONG_PROFIT,TQQQ,33.04849624633789,24082,795.8738866043091,795.8738866043091,78.0,57.0,69.6,104897.1715965271,103305.42382331849,0.05271156812224051,0.1518099949219645,6.0,多單止盈: 15.2%
2024-06-06 00:00:00-04:00,BUY_LONG,TQQQ,33.00931167602539,23906,789.120604927063,789.120604927063,78.0,57.0,69.6,,,,,,
2024-07-02 00:00:00-04:00,SELL_LONG_PROFIT,TQQQ,38.0343132019043,23906,909.2482914047241,909.2482914047241,78.0,51.0,67.2,120127.68647766113,118309.18989485169,0.05262316140865625,0.15222981851901374,3.0,多單止盈: 15.2%
2024-07-03 00:00:00-04:00,BUY_LONG,TQQQ,38.96882247924805,23134,901.5047392349244,901.5047392349244,78.0,51.0,67.2,,,,,,
2024-07-17 00:00:00-04:00,SELL_LONG_TRAILING,TQQQ,36.470252990722656,23134,843.702832687378,843.702832687378,62.0,57.0,60.0,-57801.90654754639,-59489.31221292114,-0.018878413741252455,-0.06411714107748435,2.0,多單回落: -4.2%
2024-07-22 00:00:00-04:00,BUY_LONG,TQQQ,36.47517776489258,23166,844.9839681015014,844.9839681015014,66.0,57.0,62.400000000000006,,,,,,
2024-07-24 00:00:00-04:00,SELL_LONG_STOP,TQQQ,32.191200256347656,23166,745.7413451385498,745.7413451385498,50.0,57.0,52.8,-99242.62296295166,-100734.10565322876,-0.03926849080724579,-0.11744911940273689,2.0,多單止損: -3.9% (VIX=18.0)
2024-08-19 00:00:00-04:00,BUY_LONG,TQQQ,35.06848907470703,21367,749.3084060592652,749.3084060592652,66.0,57.0,62.400000000000006,,,,,,
2024-08-28 00:00:00-04:00,SELL_LONG_REEVAL,TQQQ,32.806007385253906,21367,700.9659598007203,700.9659598007203,62.0,57.0,60.0,-48342.44625854492,-49744.37817814636,-0.020612292771222757,-0.06451608692445573,7.0,多單重估賣出
2024-08-30 00:00:00-04:00,BUY_LONG,TQQQ,33.74543762207031,20804,702.0400842895508,702.0400842895508,78.0,57.0,69.6,,,,,,
2024-09-03 00:00:00-04:00,SELL_LONG_STOP,TQQQ,30.666486740112305,20804,637.9855901412964,637.9855901412964,58.0,57.0,57.599999999999994,-64054.494148254395,-65330.465328536986,-0.03036105743988035,-0.09124050831524264,1.0,多單止損: -3.0% (VIX=20.7)
2024-09-13 00:00:00-04:00,BUY_LONG,TQQQ,33.125709533691406,19320,639.988708190918,639.988708190918,66.0,57.0,62.400000000000006,,,,,,
2024-10-23 00:00:00-04:00,SELL_LONG_REEVAL,TQQQ,35.4232063293457,19320,684.376346282959,684.376346282959,62.0,57.0,60.0,44387.638092041016,43018.8853994751,0.028834585145729834,0.06935690821407357,7.0,多單重估賣出
2024-10-24 00:00:00-04:00,BUY_LONG,TQQQ,36.2669677734375,18773,680.8397860107422,680.8397860107422,74.0,57.0,67.2,,,,,,
2024-10-31 00:00:00-04:00,SELL_LONG_TRAILING,TQQQ,34.268585205078125,18773,643.3241500549317,643.3241500549317,62.0,57.0,60.0,-37515.63595581055,-38802.28425592041,-0.017204275411112722,-0.05510200303602503,5.0,多單回落: -3.3%
2024-11-01 00:00:00-04:00,BUY_LONG,TQQQ,34.998863220214844,18400,643.9790832519532,643.9790832519532,66.0,57.0,62.400000000000006,,,,,,
2024-11-07 00:00:00-05:00,SELL_LONG_PROFIT,TQQQ,40.73250198364258,18400,749.4780364990235,749.4780364990235,74.0,57.0,67.2,105498.95324707031,103999.99717407227,0.05356657153823445,0.1638235712786256,4.0,多單止盈: 16.4%
2024-11-08 00:00:00-05:00,BUY_LONG,TQQQ,40.83118438720703,18191,742.7600751876831,742.7600751876831,74.0,57.0,67.2,,,,,,
2024-11-15 00:00:00-05:00,SELL_LONG_STOP,TQQQ,36.64691162109375,18191,666.6439692993164,666.6439692993164,66.0,57.0,62.400000000000006,-76116.1058883667,-77449.39382696533,-0.034173619459351705,-0.10247737921176421,5.0,多單止損: -3.4% (VIX=16.1)
2024-11-18 00:00:00-05:00,BUY_LONG,TQQQ,37.38705062866211,17899,669.1908192024231,669.1908192024231,74.0,57.0,67.2,,,,,,
2024-12-06 00:00:00-05:00,SELL_LONG_PROFIT,TQQQ,43.293392181396484,17899,774.9084266548157,774.9084266548157,74.0,51.0,64.8,105717.60745239258,104167.79059908295,0.05291789962828595,0.15797826930499792,6.0,多單止盈: 15.8%
2024-12-09 00:00:00-05:00,BUY_LONG,TQQQ,42.28186798095703,18168,768.1769774780273,768.1769774780273,74.0,51.0,64.8,,,,,,
2024-12-18 00:00:00-05:00,SELL_LONG_TRAILING,TQQQ,40.505516052246094,18168,735.904215637207,735.904215637207,66.0,57.0,62.400000000000006,-32272.761840820312,-33744.57027209473,-0.01131376713255607,-0.042012144059268466,7.0,多單回落: -4.0%
2024-12-19 00:00:00-05:00,BUY_LONG,TQQQ,39.93313980102539,18433,736.087565952301,736.087565952301,66.0,57.0,62.400000000000006,,,,,,
